row_id,target
0-4,0.0009665949698619608
0-32,0.0008258873987616246
0-34,0.0008258873987616246
